Workbook

Sheet Salinas-MG
A1: BINOARTE LUMINOSOS
A2: Matriz: Frederico Westphalen-RS | Filial: Pouso Alegre-MG
A3: ORÇAMENTO – SINALIZAÇÃO INTERNA
A5: CLIENTE: | B5: Sicredi | E5: CIDADE: | F5: Salinas-MG
A6: PROJETO: | B6: Comunicação e sinalização interna | E6: DATA: | F6: 17/07/2026
A7: ITEM | B7: DESCRIÇÃO | D7: MEDIDAS | E7: UNID. | F7: QTD. | G7: VALOR UNIT. | H7: VALOR TOTAL
A8: 1 | B8: SINALIZAÇÃO INTERNA
A9: 1.1 | B9: Barra de segurança em adesivo, distribuída em 5 trechos conforme planta | D9: 20 m.l. estimados | E9: m.l. | F9: 20 | G9: ='Base Araçuai'!F4 -> 25 | H9: =F9*G9 -> 500
A10: 1.2 | B10: Adesivos para caixas de autoatendimento – kit completo | D10: 3 ATMs | E10: unid. | F10: 3 | G10: ='Base Araçuai'!F6 -> 120 | H10: =F10*G10 -> 360
A11: 1.3 | B11: Adesivo Preferencial – área de autoatendimento | D11: Conforme manual | E11: unid. | F11: 1 | G11: ='Base Araçuai'!F11 -> 25 | H11: =F11*G11 -> 25
A12: 1.4 | B12: Adesivo Autoatendimento | D12: Conforme manual | E12: unid. | F12: 1 | G12: ='Base Araçuai'!F11 -> 25 | H12: =F12*G12 -> 25
A13: 1.5 | B13: Adesivo de botoeira aplicado em placa acrílica | D13: Medida a conferir | E13: unid. | F13: 1 | G13: =ROUND('Base Araçuai'!F10+'Base Araçuai'!F11,-1) -> 100 | H13: =F13*G13 -> 100
A14: 1.6 | B14: Adesivo de identificação Coworking | D14: Conforme manual | E14: unid. | F14: 1 | G14: ='Base Araçuai'!F11 -> 25 | H14: =F14*G14 -> 25
A15: 1.7 | B15: Adesivo 05, conforme indicação da planta | D15: Medida a conferir | E15: unid. | F15: 1 | G15: ='Base Araçuai'!F11 -> 25 | H15: =F15*G15 -> 25
A16: 1.8 | B16: Adesivo Lixo para móvel do café | D16: Conforme manual | E16: unid. | F16: 1 | G16: ='Base Araçuai'!F16 -> 15 | H16: =F16*G16 -> 15
A17: 1.9 | B17: Placas de porta: Copa/DML, Almoxarifado, Banheiro Feminino/PNE, Banheiro Masculino/PNE e Acesso Restrito | D17: 5 placas | E17: unid. | F17: 5 | G17: ='Base Araçuai'!F10 -> 70 | H17: =F17*G17 -> 350
A18: 1.10 | B18: Frase institucional: "Cooperar é acreditar que quando evoluímos juntos, evoluímos melhor." | D18: 3,00 x 0,35 m | E18: unid. | F18: 1 | G18: ='Base Araçuai'!F7 -> 1950 | H18: =F18*G18 -> 1950
A19: 1.11 | B19: Frase institucional: "Quando pessoas se juntam com um só objetivo a mudança acontece." | D19: 3,00 x 0,35 m | E19: unid. | F19: 1 | G19: =ROUND('Base Araçuai'!F8*3/2.4,-1) -> 2190 | H19: =F19*G19 -> 2190
A20: 1.12 | B20: Logomarca Sicredi em PVC expandido 20 mm, cor branca | D20: 2,40 x 0,60 m | E20: unid. | F20: 1 | G20: =ROUND('Base Araçuai'!F9*2.4/2.6,-1) -> 2420 | H20: =F20*G20 -> 2420
A21: 2 | B21: ADESIVOS JATEADOS E INSTALAÇÃO
A22: 2.1 | B22: Adesivos jateados 01 a 04, altura de 1,00 m | D22: 4 panos – larguras a conferir | E22: unid. | F22: 4 | G22: ='Base Araçuai'!F17 -> 600 | H22: =F22*G22 -> 2400
A23: 2.2 | B23: Serviços de instalação da sinalização interna | D23: Execução conjunta à obra | E23: serv. | F23: 1 | G23: 2860 | H23: 2860
A25: INVESTIMENTO TOTAL – SINALIZAÇÃO INTERNA | H25: =SUM(H9:H23) -> 13245
A26: OBSERVAÇÕES: • Itens levantados a partir dos PDFs COMUNICAÇÃO INTERNA e COMUNICAÇÃO INTERNA – MANUAL SICREDI. • Barra de segurança considerada em 20 metros lineares, estimativa baseada nos 5 trechos indicados na planta. • Adesivos jateados considerados em 4 panos com altura de 1,00 m; larguras finais deverão ser medidas no local. • Valores unitários adotados com base na planilha Binoarte – Internas Sicredi Araçuaí, com ajuste proporcional nas peças de dimensões diferentes. • O valor de instalação considera execução em conjunto com os demais serviços da unidade Salinas-MG. Viagem exclusiva, hospedagem e nova mobilização não estão incluídas nesta planilha. • Conferir medidas, substratos e condições de fixação antes da produção.

Sheet Base Araçuai
A1: BASE DE PREÇOS
A2: Valores extraídos da planilha “Binoarte - Internas Sicredi Araçuaí.xls”
A3: Nº | B3: DESCRIÇÃO | C3: MEDIDAS | D3: UNID. | E3: QTD. | F3: VALOR UNIT. | G3: TOTAL ORIGINAL | H3: OBSERVAÇÃO
A4: 1 | B4: Barra de segurança | D4: m.l. | E4: 50 | F4: 25 | G4: 1250
A5: 2 | B5: Adesivo horário de atendimento | D5: unid. | E5: 1 | F5: 70 | G5: 70
A6: 3 | B6: Adesivos cashs – kit completo | D6: unid. | E6: 3 | F6: 120 | G6: 360
A7: 4 | B7: Frase "Cooperar é acreditar que quando evoluímos juntos, evoluímos melhor." | C7: 3,00 m | D7: unid. | E7: 1 | F7: 1950 | G7: 1950
A8: 5 | B8: Frase "Quando pessoas se juntam com um só objetivo a mudança acontece." | C8: 2,40 m | D8: unid. | E8: 1 | F8: 1750 | G8: 1750
A9: 6 | B9: Logo Sicredi em relevo branco – ambiente café | C9: 2,60 m | D9: unid. | E9: 1 | F9: 2620 | G9: 2620
A10: 7 | B10: Placas de porta | D10: unid. | E10: 5 | F10: 70 | G10: 350
A11: 8 | B11: Adesivo Preferencial – ATM | D11: unid. | E11: 1 | F11: 25 | G11: 25
A12: 9 | B12: Mural de avisos legais | D12: unid. | E12: 1 | F12: 1450 | G12: 1450
A13: 10 | B13: Adesivo nominal Sala de Reuniões | D13: unid. | E13: 2 | F13: 25 | G13: 50
A14: 11 | B14: Numeração de mesas | C14: 01 a 04 | D14: unid. | E14: 4 | F14: 25 | G14: 100
A15: 12 | B15: Logo Café em MDF | D15: unid. | E15: 1 | F15: 180 | G15: 180
A16: 13 | B16: Adesivo Lixo para móvel do café | D16: unid. | E16: 1 | F16: 15 | G16: 15
A17: 14 | B17: Adesivo jateado inteiro – 4 mesas de atendimento | C17: 4,00 x 1,00 m | D17: unid. | E17: 4 | F17: 600 | G17: 3000 | H17: A planilha original registra R$ 3.000,00; 4 × R$ 600,00 resulta em R$ 2.400,00.
A18: 15 | B18: Serviços e instalação | D18: serv. | E18: 1 | F18: 1230 | G18: 1230
A20: TOTAL ORIGINAL DA PLANILHA ARAÇUAÍ | G20: 14400 | H20: Total conforme arquivo de origem.
